checkpoint_month,domain,title,description,source,source_url,sort_order
0,physical,Moves both arms and legs,CDC framework; pre-2-month app organization,CDC Learn the Signs. Act Early.,https://www.cdc.gov/act-early/milestones/index.html,1
0,physical,Briefly turns head,CDC framework; pre-2-month app organization,CDC Learn the Signs. Act Early.,https://www.cdc.gov/act-early/milestones/index.html,2
0,cognitive,Looks toward nearby faces,CDC framework; pre-2-month app organization,CDC Learn the Signs. Act Early.,https://www.cdc.gov/act-early/milestones/index.html,1
0,cognitive,Briefly focuses on nearby objects,CDC framework; pre-2-month app organization,CDC Learn the Signs. Act Early.,https://www.cdc.gov/act-early/milestones/index.html,2
0,language,Reacts to sounds,CDC framework; pre-2-month app organization,CDC Learn the Signs. Act Early.,https://www.cdc.gov/act-early/milestones/index.html,1
0,language,Communicates mainly by crying,CDC framework; pre-2-month app organization,CDC Learn the Signs. Act Early.,https://www.cdc.gov/act-early/milestones/index.html,2
1,physical,Moves both arms and legs,CDC framework; pre-2-month app organization,CDC Learn the Signs. Act Early.,https://www.cdc.gov/act-early/milestones/index.html,1
1,physical,Briefly lifts or turns head,CDC framework; pre-2-month app organization,CDC Learn the Signs. Act Early.,https://www.cdc.gov/act-early/milestones/index.html,2
1,cognitive,Looks at faces,CDC framework; pre-2-month app organization,CDC Learn the Signs. Act Early.,https://www.cdc.gov/act-early/milestones/index.html,1
1,cognitive,Briefly watches nearby objects,CDC framework; pre-2-month app organization,CDC Learn the Signs. Act Early.,https://www.cdc.gov/act-early/milestones/index.html,2
1,language,Reacts to sounds,CDC framework; pre-2-month app organization,CDC Learn the Signs. Act Early.,https://www.cdc.gov/act-early/milestones/index.html,1
1,language,Makes early vocal sounds,CDC framework; pre-2-month app organization,CDC Learn the Signs. Act Early.,https://www.cdc.gov/act-early/milestones/index.html,2
2,physical,Holds head up during tummy time,CDC 2-month checklist,CDC Learn the Signs. Act Early.,https://www.cdc.gov/act-early/milestones/2-months.html,1
2,physical,Moves both arms and legs,CDC 2-month checklist,CDC Learn the Signs. Act Early.,https://www.cdc.gov/act-early/milestones/2-months.html,2
2,physical,Opens hands briefly,CDC 2-month checklist,CDC Learn the Signs. Act Early.,https://www.cdc.gov/act-early/milestones/2-months.html,3
2,cognitive,Watches people move,CDC 2-month checklist,CDC Learn the Signs. Act Early.,https://www.cdc.gov/act-early/milestones/2-months.html,1
2,cognitive,Looks at a toy for several seconds,CDC 2-month checklist,CDC Learn the Signs. Act Early.,https://www.cdc.gov/act-early/milestones/2-months.html,2
2,language,Makes sounds other than crying,CDC 2-month checklist,CDC Learn the Signs. Act Early.,https://www.cdc.gov/act-early/milestones/2-months.html,1
2,language,Reacts to loud sounds,CDC 2-month checklist,CDC Learn the Signs. Act Early.,https://www.cdc.gov/act-early/milestones/2-months.html,2
3,physical,Holds head up during tummy time,Mapped to CDC 2-month checklist (younger checklist),CDC Learn the Signs. Act Early.,https://www.cdc.gov/act-early/digital-online-checklist/2-months.html,1
3,physical,Moves arms and legs actively,Mapped to CDC 2-month checklist (younger checklist),CDC Learn the Signs. Act Early.,https://www.cdc.gov/act-early/digital-online-checklist/2-months.html,2
3,cognitive,Watches people move,Mapped to CDC 2-month checklist (younger checklist),CDC Learn the Signs. Act Early.,https://www.cdc.gov/act-early/digital-online-checklist/2-months.html,1
3,cognitive,Looks at a toy for several seconds,Mapped to CDC 2-month checklist (younger checklist),CDC Learn the Signs. Act Early.,https://www.cdc.gov/act-early/digital-online-checklist/2-months.html,2
3,language,Makes sounds other than crying,Mapped to CDC 2-month checklist (younger checklist),CDC Learn the Signs. Act Early.,https://www.cdc.gov/act-early/digital-online-checklist/2-months.html,1
3,language,Reacts to loud sounds,Mapped to CDC 2-month checklist (younger checklist),CDC Learn the Signs. Act Early.,https://www.cdc.gov/act-early/digital-online-checklist/2-months.html,2
4,physical,Holds head steady,CDC 4-month checklist,CDC Learn the Signs. Act Early.,https://www.cdc.gov/act-early/milestones/4-months.html,1
4,physical,Brings hands to mouth,CDC 4-month checklist,CDC Learn the Signs. Act Early.,https://www.cdc.gov/act-early/milestones/4-months.html,2
4,physical,Pushes up onto elbows/forearms on tummy,CDC 4-month checklist,CDC Learn the Signs. Act Early.,https://www.cdc.gov/act-early/milestones/4-months.html,3
4,cognitive,Looks at hands with interest,CDC 4-month checklist,CDC Learn the Signs. Act Early.,https://www.cdc.gov/act-early/milestones/4-months.html,1
4,cognitive,Opens mouth when seeing breast or bottle if hungry,CDC 4-month checklist,CDC Learn the Signs. Act Early.,https://www.cdc.gov/act-early/milestones/4-months.html,2
4,language,Makes cooing sounds,CDC 4-month checklist,CDC Learn the Signs. Act Early.,https://www.cdc.gov/act-early/milestones/4-months.html,1
4,language,Makes sounds back when spoken to,CDC 4-month checklist,CDC Learn the Signs. Act Early.,https://www.cdc.gov/act-early/milestones/4-months.html,2
4,language,Turns toward your voice,CDC 4-month checklist,CDC Learn the Signs. Act Early.,https://www.cdc.gov/act-early/milestones/4-months.html,3
5,physical,Holds head steady,Mapped to CDC 4-month checklist (younger checklist),CDC Learn the Signs. Act Early.,https://www.cdc.gov/act-early/milestones/4-months.html,1
5,physical,Brings hands to mouth,Mapped to CDC 4-month checklist (younger checklist),CDC Learn the Signs. Act Early.,https://www.cdc.gov/act-early/milestones/4-months.html,2
5,physical,Pushes up during tummy time,Mapped to CDC 4-month checklist (younger checklist),CDC Learn the Signs. Act Early.,https://www.cdc.gov/act-early/milestones/4-months.html,3
5,cognitive,Looks at hands and nearby objects with interest,Mapped to CDC 4-month checklist (younger checklist),CDC Learn the Signs. Act Early.,https://www.cdc.gov/act-early/milestones/4-months.html,1
5,language,Coos,Mapped to CDC 4-month checklist (younger checklist),CDC Learn the Signs. Act Early.,https://www.cdc.gov/act-early/milestones/4-months.html,1
5,language,Makes sounds back when spoken to,Mapped to CDC 4-month checklist (younger checklist),CDC Learn the Signs. Act Early.,https://www.cdc.gov/act-early/milestones/4-months.html,2
5,language,Turns toward voices,Mapped to CDC 4-month checklist (younger checklist),CDC Learn the Signs. Act Early.,https://www.cdc.gov/act-early/milestones/4-months.html,3
6,physical,Rolls from tummy to back,CDC 6-month checklist,CDC Learn the Signs. Act Early.,https://www.cdc.gov/act-early/milestones/index.html,1
6,physical,Pushes up with straight arms,CDC 6-month checklist,CDC Learn the Signs. Act Early.,https://www.cdc.gov/act-early/milestones/index.html,2
6,physical,Leans on hands while sitting,CDC 6-month checklist,CDC Learn the Signs. Act Early.,https://www.cdc.gov/act-early/milestones/index.html,3
6,cognitive,Reaches for a wanted toy,CDC 6-month checklist,CDC Learn the Signs. Act Early.,https://www.cdc.gov/act-early/milestones/index.html,1
6,cognitive,Explores objects with mouth,CDC 6-month checklist,CDC Learn the Signs. Act Early.,https://www.cdc.gov/act-early/milestones/index.html,2
6,cognitive,Closes lips to show no more food,CDC 6-month checklist,CDC Learn the Signs. Act Early.,https://www.cdc.gov/act-early/milestones/index.html,3
6,language,Takes turns making sounds,CDC 6-month checklist,CDC Learn the Signs. Act Early.,https://www.cdc.gov/act-early/milestones/index.html,1
6,language,Squeals,CDC 6-month checklist,CDC Learn the Signs. Act Early.,https://www.cdc.gov/act-early/milestones/index.html,2
6,language,Blows raspberries,CDC 6-month checklist,CDC Learn the Signs. Act Early.,https://www.cdc.gov/act-early/milestones/index.html,3
7,physical,Rolls from tummy to back,Mapped to CDC 6-month checklist (younger checklist),CDC Learn the Signs. Act Early.,https://www.cdc.gov/act-early/digital-online-checklist/index.html,1
7,physical,Pushes up with straight arms,Mapped to CDC 6-month checklist (younger checklist),CDC Learn the Signs. Act Early.,https://www.cdc.gov/act-early/digital-online-checklist/index.html,2
7,physical,Leans on hands while sitting,Mapped to CDC 6-month checklist (younger checklist),CDC Learn the Signs. Act Early.,https://www.cdc.gov/act-early/digital-online-checklist/index.html,3
7,cognitive,Reaches for toys and explores objects with mouth,Mapped to CDC 6-month checklist (younger checklist),CDC Learn the Signs. Act Early.,https://www.cdc.gov/act-early/digital-online-checklist/index.html,1
7,language,Takes turns making sounds,Mapped to CDC 6-month checklist (younger checklist),CDC Learn the Signs. Act Early.,https://www.cdc.gov/act-early/digital-online-checklist/index.html,1
7,language,Squeals and makes playful sounds,Mapped to CDC 6-month checklist (younger checklist),CDC Learn the Signs. Act Early.,https://www.cdc.gov/act-early/digital-online-checklist/index.html,2
8,physical,Rolls from tummy to back,Mapped to CDC 6-month checklist (younger checklist),CDC Learn the Signs. Act Early.,https://www.cdc.gov/act-early/digital-online-checklist/index.html,1
8,physical,Pushes up with straight arms,Mapped to CDC 6-month checklist (younger checklist),CDC Learn the Signs. Act Early.,https://www.cdc.gov/act-early/digital-online-checklist/index.html,2
8,physical,Leans on hands while sitting,Mapped to CDC 6-month checklist (younger checklist),CDC Learn the Signs. Act Early.,https://www.cdc.gov/act-early/digital-online-checklist/index.html,3
8,cognitive,Reaches for toys and explores objects with mouth,Mapped to CDC 6-month checklist (younger checklist),CDC Learn the Signs. Act Early.,https://www.cdc.gov/act-early/digital-online-checklist/index.html,1
8,language,Takes turns making sounds,Mapped to CDC 6-month checklist (younger checklist),CDC Learn the Signs. Act Early.,https://www.cdc.gov/act-early/digital-online-checklist/index.html,1
8,language,Squeals and makes playful sounds,Mapped to CDC 6-month checklist (younger checklist),CDC Learn the Signs. Act Early.,https://www.cdc.gov/act-early/digital-online-checklist/index.html,2
9,physical,Gets into sitting position,CDC 9-month checklist,CDC Learn the Signs. Act Early.,https://www.cdc.gov/act-early/milestones/index.html,1
9,physical,Sits without support,CDC 9-month checklist,CDC Learn the Signs. Act Early.,https://www.cdc.gov/act-early/milestones/index.html,2
9,physical,Moves objects from one hand to the other,CDC 9-month checklist,CDC Learn the Signs. Act Early.,https://www.cdc.gov/act-early/milestones/index.html,3
9,cognitive,Looks for dropped objects,CDC 9-month checklist,CDC Learn the Signs. Act Early.,https://www.cdc.gov/act-early/milestones/index.html,1
9,cognitive,Bangs two objects together,CDC 9-month checklist,CDC Learn the Signs. Act Early.,https://www.cdc.gov/act-early/milestones/index.html,2
9,language,Makes repeated sounds such as 'mamama',CDC 9-month checklist,CDC Learn the Signs. Act Early.,https://www.cdc.gov/act-early/milestones/index.html,1
9,language,Lifts arms to be picked up,CDC 9-month checklist,CDC Learn the Signs. Act Early.,https://www.cdc.gov/act-early/milestones/index.html,2
10,physical,Gets into sitting position,Mapped to CDC 9-month checklist (younger checklist),CDC Learn the Signs. Act Early.,https://www.cdc.gov/act-early/digital-online-checklist/index.html,1
10,physical,Sits without support,Mapped to CDC 9-month checklist (younger checklist),CDC Learn the Signs. Act Early.,https://www.cdc.gov/act-early/digital-online-checklist/index.html,2
10,physical,Transfers objects between hands,Mapped to CDC 9-month checklist (younger checklist),CDC Learn the Signs. Act Early.,https://www.cdc.gov/act-early/digital-online-checklist/index.html,3
10,cognitive,Looks for dropped objects,Mapped to CDC 9-month checklist (younger checklist),CDC Learn the Signs. Act Early.,https://www.cdc.gov/act-early/digital-online-checklist/index.html,1
10,cognitive,Bangs objects together,Mapped to CDC 9-month checklist (younger checklist),CDC Learn the Signs. Act Early.,https://www.cdc.gov/act-early/digital-online-checklist/index.html,2
10,language,Makes repeated syllable sounds,Mapped to CDC 9-month checklist (younger checklist),CDC Learn the Signs. Act Early.,https://www.cdc.gov/act-early/digital-online-checklist/index.html,1
10,language,Uses gestures such as lifting arms,Mapped to CDC 9-month checklist (younger checklist),CDC Learn the Signs. Act Early.,https://www.cdc.gov/act-early/digital-online-checklist/index.html,2
11,physical,Gets into sitting position,Mapped to CDC 9-month checklist (younger checklist),CDC Learn the Signs. Act Early.,https://www.cdc.gov/act-early/digital-online-checklist/index.html,1
11,physical,Sits without support,Mapped to CDC 9-month checklist (younger checklist),CDC Learn the Signs. Act Early.,https://www.cdc.gov/act-early/digital-online-checklist/index.html,2
11,physical,Transfers objects between hands,Mapped to CDC 9-month checklist (younger checklist),CDC Learn the Signs. Act Early.,https://www.cdc.gov/act-early/digital-online-checklist/index.html,3
11,cognitive,Looks for dropped objects,Mapped to CDC 9-month checklist (younger checklist),CDC Learn the Signs. Act Early.,https://www.cdc.gov/act-early/digital-online-checklist/index.html,1
11,cognitive,Bangs objects together,Mapped to CDC 9-month checklist (younger checklist),CDC Learn the Signs. Act Early.,https://www.cdc.gov/act-early/digital-online-checklist/index.html,2
11,language,Makes repeated syllable sounds,Mapped to CDC 9-month checklist (younger checklist),CDC Learn the Signs. Act Early.,https://www.cdc.gov/act-early/digital-online-checklist/index.html,1
11,language,Uses gestures such as lifting arms,Mapped to CDC 9-month checklist (younger checklist),CDC Learn the Signs. Act Early.,https://www.cdc.gov/act-early/digital-online-checklist/index.html,2
12,physical,Pulls up to stand,CDC 12-month checklist,CDC Learn the Signs. Act Early.,https://www.cdc.gov/act-early/milestones/index.html,1
12,physical,Walks holding furniture,CDC 12-month checklist,CDC Learn the Signs. Act Early.,https://www.cdc.gov/act-early/milestones/index.html,2
12,physical,Picks up small items with thumb and finger,CDC 12-month checklist,CDC Learn the Signs. Act Early.,https://www.cdc.gov/act-early/milestones/index.html,3
12,cognitive,Puts objects into containers,CDC 12-month checklist,CDC Learn the Signs. Act Early.,https://www.cdc.gov/act-early/milestones/index.html,1
12,cognitive,Looks for hidden objects,CDC 12-month checklist,CDC Learn the Signs. Act Early.,https://www.cdc.gov/act-early/milestones/index.html,2
12,language,Waves bye-bye,CDC 12-month checklist,CDC Learn the Signs. Act Early.,https://www.cdc.gov/act-early/milestones/index.html,1
12,language,Calls a parent a special name,CDC 12-month checklist,CDC Learn the Signs. Act Early.,https://www.cdc.gov/act-early/milestones/index.html,2
12,language,Understands 'no',CDC 12-month checklist,CDC Learn the Signs. Act Early.,https://www.cdc.gov/act-early/milestones/index.html,3
13,physical,Pulls to stand,Mapped to CDC 12-month checklist (younger checklist),CDC Learn the Signs. Act Early.,https://www.cdc.gov/act-early/digital-online-checklist/index.html,1
13,physical,Cruises holding furniture,Mapped to CDC 12-month checklist (younger checklist),CDC Learn the Signs. Act Early.,https://www.cdc.gov/act-early/digital-online-checklist/index.html,2
13,physical,Uses thumb and finger for small items,Mapped to CDC 12-month checklist (younger checklist),CDC Learn the Signs. Act Early.,https://www.cdc.gov/act-early/digital-online-checklist/index.html,3
13,cognitive,Puts objects into containers,Mapped to CDC 12-month checklist (younger checklist),CDC Learn the Signs. Act Early.,https://www.cdc.gov/act-early/digital-online-checklist/index.html,1
13,cognitive,Searches for hidden objects,Mapped to CDC 12-month checklist (younger checklist),CDC Learn the Signs. Act Early.,https://www.cdc.gov/act-early/digital-online-checklist/index.html,2
13,language,Waves,Mapped to CDC 12-month checklist (younger checklist),CDC Learn the Signs. Act Early.,https://www.cdc.gov/act-early/digital-online-checklist/index.html,1
13,language,Uses a special parent name,Mapped to CDC 12-month checklist (younger checklist),CDC Learn the Signs. Act Early.,https://www.cdc.gov/act-early/digital-online-checklist/index.html,2
13,language,Understands 'no',Mapped to CDC 12-month checklist (younger checklist),CDC Learn the Signs. Act Early.,https://www.cdc.gov/act-early/digital-online-checklist/index.html,3
14,physical,Pulls to stand,Mapped to CDC 12-month checklist (younger checklist),CDC Learn the Signs. Act Early.,https://www.cdc.gov/act-early/digital-online-checklist/index.html,1
14,physical,Cruises holding furniture,Mapped to CDC 12-month checklist (younger checklist),CDC Learn the Signs. Act Early.,https://www.cdc.gov/act-early/digital-online-checklist/index.html,2
14,physical,Uses thumb and finger for small items,Mapped to CDC 12-month checklist (younger checklist),CDC Learn the Signs. Act Early.,https://www.cdc.gov/act-early/digital-online-checklist/index.html,3
14,cognitive,Puts objects into containers,Mapped to CDC 12-month checklist (younger checklist),CDC Learn the Signs. Act Early.,https://www.cdc.gov/act-early/digital-online-checklist/index.html,1
14,cognitive,Searches for hidden objects,Mapped to CDC 12-month checklist (younger checklist),CDC Learn the Signs. Act Early.,https://www.cdc.gov/act-early/digital-online-checklist/index.html,2
14,language,Waves,Mapped to CDC 12-month checklist (younger checklist),CDC Learn the Signs. Act Early.,https://www.cdc.gov/act-early/digital-online-checklist/index.html,1
14,language,Uses a special parent name,Mapped to CDC 12-month checklist (younger checklist),CDC Learn the Signs. Act Early.,https://www.cdc.gov/act-early/digital-online-checklist/index.html,2
14,language,Understands 'no',Mapped to CDC 12-month checklist (younger checklist),CDC Learn the Signs. Act Early.,https://www.cdc.gov/act-early/digital-online-checklist/index.html,3
15,physical,Takes a few steps independently,CDC 15-month checklist,CDC Learn the Signs. Act Early.,https://www.cdc.gov/act-early/milestones/index.html,1
15,physical,Uses fingers to feed self,CDC 15-month checklist,CDC Learn the Signs. Act Early.,https://www.cdc.gov/act-early/milestones/index.html,2
15,cognitive,Uses familiar objects appropriately,CDC 15-month checklist,CDC Learn the Signs. Act Early.,https://www.cdc.gov/act-early/milestones/index.html,1
15,cognitive,Stacks at least two small objects,CDC 15-month checklist,CDC Learn the Signs. Act Early.,https://www.cdc.gov/act-early/milestones/index.html,2
15,language,Tries 1–2 words besides parent names,CDC 15-month checklist,CDC Learn the Signs. Act Early.,https://www.cdc.gov/act-early/milestones/index.html,1
15,language,Looks at a named familiar object,CDC 15-month checklist,CDC Learn the Signs. Act Early.,https://www.cdc.gov/act-early/milestones/index.html,2
15,language,Points to ask for help,CDC 15-month checklist,CDC Learn the Signs. Act Early.,https://www.cdc.gov/act-early/milestones/index.html,3
16,physical,Takes independent steps,Mapped to CDC 15-month checklist (younger checklist),CDC Learn the Signs. Act Early.,https://www.cdc.gov/act-early/digital-online-checklist/index.html,1
16,physical,Uses fingers to feed self,Mapped to CDC 15-month checklist (younger checklist),CDC Learn the Signs. Act Early.,https://www.cdc.gov/act-early/digital-online-checklist/index.html,2
16,cognitive,Uses familiar objects appropriately,Mapped to CDC 15-month checklist (younger checklist),CDC Learn the Signs. Act Early.,https://www.cdc.gov/act-early/digital-online-checklist/index.html,1
16,cognitive,Stacks small objects,Mapped to CDC 15-month checklist (younger checklist),CDC Learn the Signs. Act Early.,https://www.cdc.gov/act-early/digital-online-checklist/index.html,2
16,language,Tries words besides parent names,Mapped to CDC 15-month checklist (younger checklist),CDC Learn the Signs. Act Early.,https://www.cdc.gov/act-early/digital-online-checklist/index.html,1
16,language,Looks toward named familiar objects,Mapped to CDC 15-month checklist (younger checklist),CDC Learn the Signs. Act Early.,https://www.cdc.gov/act-early/digital-online-checklist/index.html,2
16,language,Points for help,Mapped to CDC 15-month checklist (younger checklist),CDC Learn the Signs. Act Early.,https://www.cdc.gov/act-early/digital-online-checklist/index.html,3
17,physical,Takes independent steps,Mapped to CDC 15-month checklist (younger checklist),CDC Learn the Signs. Act Early.,https://www.cdc.gov/act-early/digital-online-checklist/index.html,1
17,physical,Uses fingers to feed self,Mapped to CDC 15-month checklist (younger checklist),CDC Learn the Signs. Act Early.,https://www.cdc.gov/act-early/digital-online-checklist/index.html,2
17,cognitive,Uses familiar objects appropriately,Mapped to CDC 15-month checklist (younger checklist),CDC Learn the Signs. Act Early.,https://www.cdc.gov/act-early/digital-online-checklist/index.html,1
17,cognitive,Stacks small objects,Mapped to CDC 15-month checklist (younger checklist),CDC Learn the Signs. Act Early.,https://www.cdc.gov/act-early/digital-online-checklist/index.html,2
17,language,Tries words besides parent names,Mapped to CDC 15-month checklist (younger checklist),CDC Learn the Signs. Act Early.,https://www.cdc.gov/act-early/digital-online-checklist/index.html,1
17,language,Looks toward named familiar objects,Mapped to CDC 15-month checklist (younger checklist),CDC Learn the Signs. Act Early.,https://www.cdc.gov/act-early/digital-online-checklist/index.html,2
17,language,Points for help,Mapped to CDC 15-month checklist (younger checklist),CDC Learn the Signs. Act Early.,https://www.cdc.gov/act-early/digital-online-checklist/index.html,3
18,physical,Walks independently,CDC 18-month checklist,CDC Learn the Signs. Act Early.,https://www.cdc.gov/act-early/milestones/index.html,1
18,physical,Scribbles,CDC 18-month checklist,CDC Learn the Signs. Act Early.,https://www.cdc.gov/act-early/milestones/index.html,2
18,physical,Drinks from an open cup,CDC 18-month checklist,CDC Learn the Signs. Act Early.,https://www.cdc.gov/act-early/milestones/index.html,3
18,physical,Tries using a spoon,CDC 18-month checklist,CDC Learn the Signs. Act Early.,https://www.cdc.gov/act-early/milestones/index.html,4
18,cognitive,Copies simple household tasks,CDC 18-month checklist,CDC Learn the Signs. Act Early.,https://www.cdc.gov/act-early/milestones/index.html,1
18,cognitive,Plays with toys in simple ways,CDC 18-month checklist,CDC Learn the Signs. Act Early.,https://www.cdc.gov/act-early/milestones/index.html,2
18,language,Tries 3 or more words besides parent names,CDC 18-month checklist,CDC Learn the Signs. Act Early.,https://www.cdc.gov/act-early/milestones/index.html,1
18,language,Follows a one-step direction without gestures,CDC 18-month checklist,CDC Learn the Signs. Act Early.,https://www.cdc.gov/act-early/milestones/index.html,2
19,physical,Walks independently,Mapped to CDC 18-month checklist (younger checklist),CDC Learn the Signs. Act Early.,https://www.cdc.gov/act-early/digital-online-checklist/index.html,1
19,physical,Scribbles,Mapped to CDC 18-month checklist (younger checklist),CDC Learn the Signs. Act Early.,https://www.cdc.gov/act-early/digital-online-checklist/index.html,2
19,physical,Drinks from an open cup,Mapped to CDC 18-month checklist (younger checklist),CDC Learn the Signs. Act Early.,https://www.cdc.gov/act-early/digital-online-checklist/index.html,3
19,physical,Tries using a spoon,Mapped to CDC 18-month checklist (younger checklist),CDC Learn the Signs. Act Early.,https://www.cdc.gov/act-early/digital-online-checklist/index.html,4
19,cognitive,Copies simple household tasks,Mapped to CDC 18-month checklist (younger checklist),CDC Learn the Signs. Act Early.,https://www.cdc.gov/act-early/digital-online-checklist/index.html,1
19,cognitive,Plays with toys in simple ways,Mapped to CDC 18-month checklist (younger checklist),CDC Learn the Signs. Act Early.,https://www.cdc.gov/act-early/digital-online-checklist/index.html,2
19,language,Tries 3+ words besides parent names,Mapped to CDC 18-month checklist (younger checklist),CDC Learn the Signs. Act Early.,https://www.cdc.gov/act-early/digital-online-checklist/index.html,1
19,language,Follows a one-step direction without gestures,Mapped to CDC 18-month checklist (younger checklist),CDC Learn the Signs. Act Early.,https://www.cdc.gov/act-early/digital-online-checklist/index.html,2
20,physical,Walks independently,Mapped to CDC 18-month checklist (younger checklist),CDC Learn the Signs. Act Early.,https://www.cdc.gov/act-early/digital-online-checklist/index.html,1
20,physical,Scribbles,Mapped to CDC 18-month checklist (younger checklist),CDC Learn the Signs. Act Early.,https://www.cdc.gov/act-early/digital-online-checklist/index.html,2
20,physical,Drinks from an open cup,Mapped to CDC 18-month checklist (younger checklist),CDC Learn the Signs. Act Early.,https://www.cdc.gov/act-early/digital-online-checklist/index.html,3
20,physical,Tries using a spoon,Mapped to CDC 18-month checklist (younger checklist),CDC Learn the Signs. Act Early.,https://www.cdc.gov/act-early/digital-online-checklist/index.html,4
20,cognitive,Copies simple household tasks,Mapped to CDC 18-month checklist (younger checklist),CDC Learn the Signs. Act Early.,https://www.cdc.gov/act-early/digital-online-checklist/index.html,1
20,cognitive,Plays with toys in simple ways,Mapped to CDC 18-month checklist (younger checklist),CDC Learn the Signs. Act Early.,https://www.cdc.gov/act-early/digital-online-checklist/index.html,2
20,language,Tries 3+ words besides parent names,Mapped to CDC 18-month checklist (younger checklist),CDC Learn the Signs. Act Early.,https://www.cdc.gov/act-early/digital-online-checklist/index.html,1
20,language,Follows a one-step direction without gestures,Mapped to CDC 18-month checklist (younger checklist),CDC Learn the Signs. Act Early.,https://www.cdc.gov/act-early/digital-online-checklist/index.html,2
21,physical,Walks independently,Mapped to CDC 18-month checklist (younger checklist),CDC Learn the Signs. Act Early.,https://www.cdc.gov/act-early/digital-online-checklist/index.html,1
21,physical,Scribbles,Mapped to CDC 18-month checklist (younger checklist),CDC Learn the Signs. Act Early.,https://www.cdc.gov/act-early/digital-online-checklist/index.html,2
21,physical,Drinks from an open cup,Mapped to CDC 18-month checklist (younger checklist),CDC Learn the Signs. Act Early.,https://www.cdc.gov/act-early/digital-online-checklist/index.html,3
21,physical,Tries using a spoon,Mapped to CDC 18-month checklist (younger checklist),CDC Learn the Signs. Act Early.,https://www.cdc.gov/act-early/digital-online-checklist/index.html,4
21,cognitive,Copies simple household tasks,Mapped to CDC 18-month checklist (younger checklist),CDC Learn the Signs. Act Early.,https://www.cdc.gov/act-early/digital-online-checklist/index.html,1
21,cognitive,Plays with toys in simple ways,Mapped to CDC 18-month checklist (younger checklist),CDC Learn the Signs. Act Early.,https://www.cdc.gov/act-early/digital-online-checklist/index.html,2
21,language,Tries 3+ words besides parent names,Mapped to CDC 18-month checklist (younger checklist),CDC Learn the Signs. Act Early.,https://www.cdc.gov/act-early/digital-online-checklist/index.html,1
21,language,Follows a one-step direction without gestures,Mapped to CDC 18-month checklist (younger checklist),CDC Learn the Signs. Act Early.,https://www.cdc.gov/act-early/digital-online-checklist/index.html,2
22,physical,Walks independently,Mapped to CDC 18-month checklist (younger checklist),CDC Learn the Signs. Act Early.,https://www.cdc.gov/act-early/digital-online-checklist/index.html,1
22,physical,Scribbles,Mapped to CDC 18-month checklist (younger checklist),CDC Learn the Signs. Act Early.,https://www.cdc.gov/act-early/digital-online-checklist/index.html,2
22,physical,Drinks from an open cup,Mapped to CDC 18-month checklist (younger checklist),CDC Learn the Signs. Act Early.,https://www.cdc.gov/act-early/digital-online-checklist/index.html,3
22,physical,Tries using a spoon,Mapped to CDC 18-month checklist (younger checklist),CDC Learn the Signs. Act Early.,https://www.cdc.gov/act-early/digital-online-checklist/index.html,4
22,cognitive,Copies simple household tasks,Mapped to CDC 18-month checklist (younger checklist),CDC Learn the Signs. Act Early.,https://www.cdc.gov/act-early/digital-online-checklist/index.html,1
22,cognitive,Plays with toys in simple ways,Mapped to CDC 18-month checklist (younger checklist),CDC Learn the Signs. Act Early.,https://www.cdc.gov/act-early/digital-online-checklist/index.html,2
22,language,Tries 3+ words besides parent names,Mapped to CDC 18-month checklist (younger checklist),CDC Learn the Signs. Act Early.,https://www.cdc.gov/act-early/digital-online-checklist/index.html,1
22,language,Follows a one-step direction without gestures,Mapped to CDC 18-month checklist (younger checklist),CDC Learn the Signs. Act Early.,https://www.cdc.gov/act-early/digital-online-checklist/index.html,2
23,physical,Walks independently,Mapped to CDC 18-month checklist (younger checklist),CDC Learn the Signs. Act Early.,https://www.cdc.gov/act-early/digital-online-checklist/index.html,1
23,physical,Scribbles,Mapped to CDC 18-month checklist (younger checklist),CDC Learn the Signs. Act Early.,https://www.cdc.gov/act-early/digital-online-checklist/index.html,2
23,physical,Drinks from an open cup,Mapped to CDC 18-month checklist (younger checklist),CDC Learn the Signs. Act Early.,https://www.cdc.gov/act-early/digital-online-checklist/index.html,3
23,physical,Tries using a spoon,Mapped to CDC 18-month checklist (younger checklist),CDC Learn the Signs. Act Early.,https://www.cdc.gov/act-early/digital-online-checklist/index.html,4
23,cognitive,Copies simple household tasks,Mapped to CDC 18-month checklist (younger checklist),CDC Learn the Signs. Act Early.,https://www.cdc.gov/act-early/digital-online-checklist/index.html,1
23,cognitive,Plays with toys in simple ways,Mapped to CDC 18-month checklist (younger checklist),CDC Learn the Signs. Act Early.,https://www.cdc.gov/act-early/digital-online-checklist/index.html,2
23,language,Tries 3+ words besides parent names,Mapped to CDC 18-month checklist (younger checklist),CDC Learn the Signs. Act Early.,https://www.cdc.gov/act-early/digital-online-checklist/index.html,1
23,language,Follows a one-step direction without gestures,Mapped to CDC 18-month checklist (younger checklist),CDC Learn the Signs. Act Early.,https://www.cdc.gov/act-early/digital-online-checklist/index.html,2
24,physical,Runs,CDC 2-year checklist,CDC Learn the Signs. Act Early.,https://www.cdc.gov/act-early/milestones/2-years.html,1
24,physical,Kicks a ball,CDC 2-year checklist,CDC Learn the Signs. Act Early.,https://www.cdc.gov/act-early/milestones/2-years.html,2
24,physical,Walks up a few stairs,CDC 2-year checklist,CDC Learn the Signs. Act Early.,https://www.cdc.gov/act-early/milestones/2-years.html,3
24,physical,Eats with a spoon,CDC 2-year checklist,CDC Learn the Signs. Act Early.,https://www.cdc.gov/act-early/milestones/2-years.html,4
24,cognitive,"Uses switches, knobs or buttons on toys",CDC 2-year checklist,CDC Learn the Signs. Act Early.,https://www.cdc.gov/act-early/milestones/2-years.html,1
24,cognitive,Plays with more than one toy at a time,CDC 2-year checklist,CDC Learn the Signs. Act Early.,https://www.cdc.gov/act-early/milestones/2-years.html,2
24,language,Combines at least two words,CDC 2-year checklist,CDC Learn the Signs. Act Early.,https://www.cdc.gov/act-early/milestones/2-years.html,1
24,language,Points to named pictures,CDC 2-year checklist,CDC Learn the Signs. Act Early.,https://www.cdc.gov/act-early/milestones/2-years.html,2
24,language,Points to at least two body parts,CDC 2-year checklist,CDC Learn the Signs. Act Early.,https://www.cdc.gov/act-early/milestones/2-years.html,3
24,language,Uses more gestures,CDC 2-year checklist,CDC Learn the Signs. Act Early.,https://www.cdc.gov/act-early/milestones/2-years.html,4
