checkpoint_month,domain,title,description,source,source_url,sort_order
2,physical,Holds head up when on tummy,,CDC Learn the Signs. Act Early.,https://www.cdc.gov/act-early/milestones/2-months.html,1
2,physical,Moves both arms and both legs,,CDC Learn the Signs. Act Early.,https://www.cdc.gov/act-early/milestones/2-months.html,2
2,physical,Opens hands briefly,,CDC Learn the Signs. Act Early.,https://www.cdc.gov/act-early/milestones/2-months.html,3
2,cognitive,Watches you as you move,,CDC Learn the Signs. Act Early.,https://www.cdc.gov/act-early/milestones/2-months.html,1
2,cognitive,Looks at a toy for several seconds,,CDC Learn the Signs. Act Early.,https://www.cdc.gov/act-early/milestones/2-months.html,2
2,language,Makes sounds other than crying,,CDC Learn the Signs. Act Early.,https://www.cdc.gov/act-early/milestones/2-months.html,1
2,language,Reacts to loud sounds,,CDC Learn the Signs. Act Early.,https://www.cdc.gov/act-early/milestones/2-months.html,2
2,social_emotional,Calms down when spoken to or picked up,,CDC Learn the Signs. Act Early.,https://www.cdc.gov/act-early/milestones/2-months.html,1
2,social_emotional,Looks at your face,,CDC Learn the Signs. Act Early.,https://www.cdc.gov/act-early/milestones/2-months.html,2
2,social_emotional,Seems happy to see you when you walk up to her,,CDC Learn the Signs. Act Early.,https://www.cdc.gov/act-early/milestones/2-months.html,3
2,social_emotional,Smiles when you talk to or smile at her,,CDC Learn the Signs. Act Early.,https://www.cdc.gov/act-early/milestones/2-months.html,4
6,physical,Rolls from tummy to back,,CDC Learn the Signs. Act Early.,https://www.cdc.gov/act-early/milestones/6-months.html,1
6,physical,Pushes up with straight arms when on tummy,,CDC Learn the Signs. Act Early.,https://www.cdc.gov/act-early/milestones/6-months.html,2
6,physical,Leans on hands to support herself when sitting,,CDC Learn the Signs. Act Early.,https://www.cdc.gov/act-early/milestones/6-months.html,3
6,cognitive,Puts things in her mouth to explore them,,CDC Learn the Signs. Act Early.,https://www.cdc.gov/act-early/milestones/6-months.html,1
6,cognitive,Reaches to grab a toy she wants,,CDC Learn the Signs. Act Early.,https://www.cdc.gov/act-early/milestones/6-months.html,2
6,cognitive,Closes lips to show she doesn't want more food,,CDC Learn the Signs. Act Early.,https://www.cdc.gov/act-early/milestones/6-months.html,3
6,language,Takes turns making sounds with you,,CDC Learn the Signs. Act Early.,https://www.cdc.gov/act-early/milestones/6-months.html,1
6,language,Blows raspberries,,CDC Learn the Signs. Act Early.,https://www.cdc.gov/act-early/milestones/6-months.html,2
6,language,Makes squealing noises,,CDC Learn the Signs. Act Early.,https://www.cdc.gov/act-early/milestones/6-months.html,3
6,social_emotional,Knows familiar people,,CDC Learn the Signs. Act Early.,https://www.cdc.gov/act-early/milestones/6-months.html,1
6,social_emotional,Likes to look at self in a mirror,,CDC Learn the Signs. Act Early.,https://www.cdc.gov/act-early/milestones/6-months.html,2
6,social_emotional,Laughs,,CDC Learn the Signs. Act Early.,https://www.cdc.gov/act-early/milestones/6-months.html,3
12,physical,Pulls up to stand,,CDC Learn the Signs. Act Early.,https://www.cdc.gov/act-early/milestones/1-year.html,1
12,physical,Walks holding on to furniture,,CDC Learn the Signs. Act Early.,https://www.cdc.gov/act-early/milestones/1-year.html,2
12,physical,"Drinks from a cup without a lid, as you hold it",,CDC Learn the Signs. Act Early.,https://www.cdc.gov/act-early/milestones/1-year.html,3
12,physical,Picks things up between thumb and pointer finger,,CDC Learn the Signs. Act Early.,https://www.cdc.gov/act-early/milestones/1-year.html,4
12,cognitive,Puts something in a container,,CDC Learn the Signs. Act Early.,https://www.cdc.gov/act-early/milestones/1-year.html,1
12,cognitive,Looks for things he sees you hide,,CDC Learn the Signs. Act Early.,https://www.cdc.gov/act-early/milestones/1-year.html,2
12,language,Waves bye-bye,,CDC Learn the Signs. Act Early.,https://www.cdc.gov/act-early/milestones/1-year.html,1
12,language,"Calls a parent mama, dada, or another special name",,CDC Learn the Signs. Act Early.,https://www.cdc.gov/act-early/milestones/1-year.html,2
12,language,Understands no,,CDC Learn the Signs. Act Early.,https://www.cdc.gov/act-early/milestones/1-year.html,3
12,social_emotional,"Plays games with you, like pat-a-cake",,CDC Learn the Signs. Act Early.,https://www.cdc.gov/act-early/milestones/1-year.html,1
18,physical,Walks without holding on to anyone or anything,,CDC Learn the Signs. Act Early.,https://www.cdc.gov/act-early/milestones/18-months.html,1
18,physical,Scribbles,,CDC Learn the Signs. Act Early.,https://www.cdc.gov/act-early/milestones/18-months.html,2
18,physical,Drinks from a cup without a lid and may spill sometimes,,CDC Learn the Signs. Act Early.,https://www.cdc.gov/act-early/milestones/18-months.html,3
18,physical,Feeds himself with his fingers,,CDC Learn the Signs. Act Early.,https://www.cdc.gov/act-early/milestones/18-months.html,4
18,physical,Tries to use a spoon,,CDC Learn the Signs. Act Early.,https://www.cdc.gov/act-early/milestones/18-months.html,5
18,physical,Climbs on and off a couch or chair without help,,CDC Learn the Signs. Act Early.,https://www.cdc.gov/act-early/milestones/18-months.html,6
18,cognitive,"Copies you doing chores, like sweeping with a broom",,CDC Learn the Signs. Act Early.,https://www.cdc.gov/act-early/milestones/18-months.html,1
18,cognitive,"Plays with toys in a simple way, like pushing a toy car",,CDC Learn the Signs. Act Early.,https://www.cdc.gov/act-early/milestones/18-months.html,2
18,language,Tries to say three or more words besides mama or dada,,CDC Learn the Signs. Act Early.,https://www.cdc.gov/act-early/milestones/18-months.html,1
18,language,Follows one-step directions without any gestures,,CDC Learn the Signs. Act Early.,https://www.cdc.gov/act-early/milestones/18-months.html,2
18,social_emotional,"Moves away from you, but looks to make sure you are close by",,CDC Learn the Signs. Act Early.,https://www.cdc.gov/act-early/milestones/18-months.html,1
18,social_emotional,Points to show you something interesting,,CDC Learn the Signs. Act Early.,https://www.cdc.gov/act-early/milestones/18-months.html,2
18,social_emotional,Puts hands out for you to wash them,,CDC Learn the Signs. Act Early.,https://www.cdc.gov/act-early/milestones/18-months.html,3
18,social_emotional,Looks at a few pages in a book with you,,CDC Learn the Signs. Act Early.,https://www.cdc.gov/act-early/milestones/18-months.html,4
18,social_emotional,Helps you dress him by pushing arm through sleeve or lifting up foot,,CDC Learn the Signs. Act Early.,https://www.cdc.gov/act-early/milestones/18-months.html,5
24,physical,Kicks a ball,,CDC Learn the Signs. Act Early.,https://www.cdc.gov/act-early/milestones/2-years.html,1
24,physical,Runs,,CDC Learn the Signs. Act Early.,https://www.cdc.gov/act-early/milestones/2-years.html,2
24,physical,Walks up a few stairs with or without help,,CDC Learn the Signs. Act Early.,https://www.cdc.gov/act-early/milestones/2-years.html,3
24,physical,Eats with a spoon,,CDC Learn the Signs. Act Early.,https://www.cdc.gov/act-early/milestones/2-years.html,4
24,cognitive,Holds something in one hand while using the other hand,,CDC Learn the Signs. Act Early.,https://www.cdc.gov/act-early/milestones/2-years.html,1
24,cognitive,"Tries to use switches, knobs, or buttons on a toy",,CDC Learn the Signs. Act Early.,https://www.cdc.gov/act-early/milestones/2-years.html,2
24,cognitive,Plays with more than one toy at the same time,,CDC Learn the Signs. Act Early.,https://www.cdc.gov/act-early/milestones/2-years.html,3
24,language,Points to things in a book when you ask,,CDC Learn the Signs. Act Early.,https://www.cdc.gov/act-early/milestones/2-years.html,1
24,language,Says at least two words together,,CDC Learn the Signs. Act Early.,https://www.cdc.gov/act-early/milestones/2-years.html,2
24,language,Points to at least two body parts when you ask,,CDC Learn the Signs. Act Early.,https://www.cdc.gov/act-early/milestones/2-years.html,3
24,language,Uses more gestures than just waving and pointing,,CDC Learn the Signs. Act Early.,https://www.cdc.gov/act-early/milestones/2-years.html,4
24,social_emotional,Notices when others are hurt or upset,,CDC Learn the Signs. Act Early.,https://www.cdc.gov/act-early/milestones/2-years.html,1
24,social_emotional,Looks at your face to see how to react in a new situation,,CDC Learn the Signs. Act Early.,https://www.cdc.gov/act-early/milestones/2-years.html,2
